"param_name","mean_beta_int_avg","mean_beta_int_sd","overall_sd_beta_int","lower_ci_avg","upper_ci_avg","heterogeneity","linearity","sample_size"
"beta_int_1",0.0539869567651567,0.111247102461382,0.558809043173856,-0.876407465802811,1.20035199949478,TRUE,TRUE,250
"beta_int_10",0.021672183522779,0.110209489416301,0.555532110969141,-0.914813014992698,1.14083192598098,TRUE,TRUE,250
"beta_int_11",0.0504774042663708,0.0994474760396722,0.573172516341904,-0.867080425012552,1.24820166611369,TRUE,TRUE,250
"beta_int_12",0.0549198873947748,0.0864187725977884,0.555205647296458,-0.829256302462898,1.2550905843415,TRUE,TRUE,250
"beta_int_13",0.047428556803481,0.116594040302663,0.573133877992894,-0.883768317496948,1.24928749032052,TRUE,TRUE,250
"beta_int_14",0.0777588091065965,0.0844130575942686,0.558926487243468,-0.826114295366146,1.31310432176577,TRUE,TRUE,250
"beta_int_15",0.0590317377922982,0.113488905155629,0.557703771935149,-0.830437253227786,1.24574936609477,TRUE,TRUE,250
"beta_int_16",0.0437460383788122,0.118771528142086,0.557316334268682,-0.857723172686107,1.19187895597522,TRUE,TRUE,250
"beta_int_17",0.029833927869288,0.114816607524441,0.531300911910441,-0.823504344987883,1.12262682736899,TRUE,TRUE,250
"beta_int_18",0.0693478595579163,0.140000904157676,0.588765697078852,-0.837970747949351,1.33757931315145,TRUE,TRUE,250
"beta_int_19",0.0551932554467072,0.133855010259331,0.621793676426512,-0.900049638010515,1.34751814332051,TRUE,TRUE,250
"beta_int_2",0.0602005068060335,0.0863584920910717,0.544333998947415,-0.816548357996686,1.19898223362188,TRUE,TRUE,250
"beta_int_20",0.0377613282493555,0.107496395871512,0.57581841747324,-0.899675888138065,1.20408109912178,TRUE,TRUE,250
"beta_int_21",0.0463650138724976,0.0936509651572251,0.56362762035466,-0.920980809300681,1.24886842166489,TRUE,TRUE,250
"beta_int_22",0.0431695456140572,0.0949469611590063,0.596901730379402,-0.970447667473653,1.27383873385017,TRUE,TRUE,250
"beta_int_23",0.0399668965530283,0.122361498853129,0.592788379187508,-0.936890191966964,1.20840980422161,TRUE,TRUE,250
"beta_int_24",0.0646838871430044,0.10870671819161,0.535201807111116,-0.777331491321912,1.21223636419991,TRUE,TRUE,250
"beta_int_25",0.0543010004368627,0.10079141059344,0.56336486800758,-0.810833850532301,1.22087671504427,TRUE,TRUE,250
"beta_int_26",0.0537653422087473,0.103778527736497,0.534147404760236,-0.783212178518967,1.18390340083211,TRUE,TRUE,250
"beta_int_27",0.0701748221809373,0.112986940953448,0.546589174872833,-0.772130992780803,1.21029889826595,TRUE,TRUE,250
"beta_int_28",0.0571604550591821,0.105673256580566,0.548389379877447,-0.797840428037982,1.21582852963979,TRUE,TRUE,250
"beta_int_3",0.0493229186662141,0.0884701067173509,0.535352406120671,-0.860587857344821,1.17236669948378,TRUE,TRUE,250
"beta_int_4",0.0478192938570917,0.0945173087408361,0.558425114034935,-0.886639331189238,1.14200420980426,TRUE,TRUE,250
"beta_int_5",0.0562529705168821,0.0920106693991988,0.543954060903356,-0.820898083733554,1.2083813217575,TRUE,TRUE,250
"beta_int_6",0.0575496533733924,0.0933254575389077,0.510995419633788,-0.758705123040872,1.11175540301349,TRUE,TRUE,250
"beta_int_7",0.0517068707630265,0.0907733015405303,0.568223191218449,-0.844600768920598,1.25211045537985,TRUE,TRUE,250
"beta_int_8",0.0442246421101627,0.101231087877751,0.535050737506354,-0.801915357865611,1.20630757420007,TRUE,TRUE,250
"beta_int_9",0.0384401585568738,0.0987673261365224,0.561124772465354,-0.878592023965398,1.21035304323579,TRUE,TRUE,250
NA,0.0597767729306583,0.0936001549122879,0.505962698814787,-0.756360337774724,1.1071512433086,TRUE,TRUE,250
"beta_int_1",0.0754334094773709,0.100272581965685,0.549794311677439,-0.794727747632595,1.22024851345525,TRUE,TRUE,500
"beta_int_10",0.0428837678178978,0.112225702535674,0.521240479885514,-0.792738228362593,1.08542622912771,TRUE,TRUE,500
"beta_int_11",0.0592799247812527,0.0769186328367971,0.487473523439012,-0.66625834997034,1.05590952909578,TRUE,TRUE,500
"beta_int_12",0.0460844003665539,0.120219099594635,0.57014575304864,-0.85630294344575,1.13951441126634,TRUE,TRUE,500
"beta_int_13",0.0504229371914904,0.101577088317238,0.532187378271478,-0.768300618483821,1.11442285034916,TRUE,TRUE,500
"beta_int_14",0.0525370303758711,0.108346157301236,0.524971783469645,-0.793099394867025,1.12677675501852,TRUE,TRUE,500
"beta_int_15",0.0613098929555982,0.0971796214830145,0.551542000532147,-0.812828205786039,1.21166771032114,TRUE,TRUE,500
"beta_int_16",0.0600196451513389,0.10470806655291,0.54369733527836,-0.779002575403249,1.21395365503621,TRUE,TRUE,500
"beta_int_17",0.0511549257883009,0.0870102117085169,0.535058703652842,-0.764511414019127,1.16510404714387,TRUE,TRUE,500
"beta_int_18",0.0499885198707631,0.102587449729307,0.55682496873504,-0.826255366531508,1.19286489208041,TRUE,TRUE,500
"beta_int_19",0.0617155127868552,0.108358884581754,0.540636428635572,-0.736601428839478,1.22529623189452,TRUE,TRUE,500
"beta_int_2",0.0516191949682947,0.0867914089592857,0.539627777406001,-0.852544844033849,1.12842159758937,TRUE,TRUE,500
"beta_int_20",0.0416694239598445,0.106323100978468,0.541447233857283,-0.841515651511962,1.14805949364512,TRUE,TRUE,500
"beta_int_21",0.0597257856570695,0.115901375680322,0.578006989801516,-0.815250802804155,1.27897663204844,TRUE,TRUE,500
"beta_int_22",0.0616317467805143,0.102760753430908,0.566251845358105,-0.793771559252277,1.32367959342977,TRUE,TRUE,500
"beta_int_23",0.0464351143884745,0.10155560592449,0.537673535102589,-0.814745184091057,1.16807804632947,TRUE,TRUE,500
"beta_int_24",0.0517000565529814,0.121086500465715,0.571160011781323,-0.862693119506077,1.22018167269179,TRUE,TRUE,500
"beta_int_25",0.0688839252915254,0.095909651915141,0.573476754709169,-0.795337454722109,1.31391976597281,TRUE,TRUE,500
"beta_int_26",0.0663660430532857,0.0947588592846007,0.537792705681921,-0.727841510587479,1.20189688616558,TRUE,TRUE,500
"beta_int_27",0.0613825538013652,0.0950960035237898,0.531732548245903,-0.736536103109599,1.19322822141106,TRUE,TRUE,500
"beta_int_28",0.0498936272655329,0.110348787486737,0.529784323376756,-0.753813729681316,1.15584064871413,TRUE,TRUE,500
"beta_int_3",0.0541980251552322,0.115868169070488,0.546236535837651,-0.811389296618742,1.19216677910832,TRUE,TRUE,500
"beta_int_4",0.0466794478819203,0.103509374207147,0.524093095942873,-0.789695157378778,1.1187681769958,TRUE,TRUE,500
"beta_int_5",0.0517639981230908,0.0895179925375318,0.549493654317431,-0.815494752112243,1.17106476851582,TRUE,TRUE,500
"beta_int_6",0.044526121408915,0.0757467297155605,0.535110664906198,-0.802842479202211,1.16337054883214,TRUE,TRUE,500
"beta_int_7",0.048511658712243,0.109694807386716,0.589584557226395,-0.904252452209908,1.23845640611359,TRUE,TRUE,500
"beta_int_8",0.0575516150183593,0.0790276969917578,0.540416527807743,-0.764585922567069,1.24875106857218,TRUE,TRUE,500
"beta_int_9",0.0467495441703327,0.0784066912083202,0.537406986888625,-0.798240429949197,1.13633849547666,TRUE,TRUE,500
NA,0.0629832168010461,0.0917709574596828,0.510122502810761,-0.719237684505442,1.13402334031709,TRUE,TRUE,500
"beta_int_1",0.0614626768488476,0.0851253607004469,0.503983517427557,-0.741637305849005,1.11172843193481,TRUE,FALSE,250
"beta_int_10",0.0705393967785004,0.073949653022144,0.517768426193898,-0.787392908502998,1.18185870843246,TRUE,FALSE,250
"beta_int_11",0.0546366604264304,0.0867211112103294,0.54816490867089,-0.890797773693682,1.13204397585038,TRUE,FALSE,250
"beta_int_12",0.073839299251852,0.0792049893868566,0.530892988079723,-0.808225700075893,1.20672980953477,TRUE,FALSE,250
"beta_int_13",0.0607559638989909,0.0716889826467691,0.536953066844587,-0.863458230359992,1.15000014611381,TRUE,FALSE,250
"beta_int_14",0.0795720129775084,0.0921852647706968,0.519400718178006,-0.755125983196633,1.16124902029462,TRUE,FALSE,250
"beta_int_15",0.0476968249468004,0.108154038353328,0.550893116659296,-0.891007153887419,1.15886154909121,TRUE,FALSE,250
"beta_int_16",0.0698999752384066,0.0897518792507522,0.520399693483856,-0.816788041033284,1.15530403312746,TRUE,FALSE,250
"beta_int_17",0.0673888078710447,0.0833483566553416,0.517052112559053,-0.803678372821186,1.13836077699465,TRUE,FALSE,250
"beta_int_18",0.0841788410927,0.0837502118768775,0.54719123520448,-0.746827542844977,1.2425792989057,TRUE,FALSE,250
"beta_int_19",0.076736638274966,0.0927912334961056,0.560345667041793,-0.840394578451777,1.21945734510511,TRUE,FALSE,250
"beta_int_2",0.0715075706508523,0.0857204423306389,0.507836686012353,-0.72339618477848,1.12648279002417,TRUE,FALSE,250
"beta_int_20",0.0838954284602863,0.0682105249136747,0.505736570368745,-0.738159586386273,1.14628092519268,TRUE,FALSE,250
"beta_int_21",0.0683358183285261,0.0728918089768499,0.505478562900819,-0.786806114445332,1.12802822797032,TRUE,FALSE,250
"beta_int_22",0.083701425629485,0.0697517054880168,0.512646414402808,-0.705359962299549,1.24220683105535,TRUE,FALSE,250
"beta_int_23",0.0823571265154878,0.0815694851488343,0.493385713614074,-0.674699532590504,1.13170521945937,TRUE,FALSE,250
"beta_int_24",0.0880195455283575,0.077983176213644,0.509404262774867,-0.705054355083037,1.19072245576364,TRUE,FALSE,250
"beta_int_25",0.0855194935415047,0.0987206875876485,0.524868570623903,-0.754290403728338,1.20894579310492,TRUE,FALSE,250
"beta_int_26",0.0865994871020988,0.0932432249794687,0.505439421230232,-0.675218705412296,1.19365263987639,TRUE,FALSE,250
"beta_int_27",0.0765198078872224,0.0962681780470415,0.512569611814212,-0.737729252862381,1.1749156813265,TRUE,FALSE,250
"beta_int_28",0.0651883785926677,0.0970959010587037,0.511096714257047,-0.799264512310495,1.12792941502587,TRUE,FALSE,250
"beta_int_3",0.0478880878561805,0.0865427552966318,0.522283321933661,-0.875150997860273,1.05834721642363,TRUE,FALSE,250
"beta_int_4",0.0481172336293484,0.0856189550582815,0.53714036111842,-0.869672139612904,1.1127418443625,TRUE,FALSE,250
"beta_int_5",0.0540410619591313,0.0858318525742659,0.528290078037115,-0.860014914415982,1.14623456391972,TRUE,FALSE,250
"beta_int_6",0.0528679446659229,0.0927039915314506,0.51655066483813,-0.806315729174495,1.12018829211372,TRUE,FALSE,250
"beta_int_7",0.0638431333328016,0.0949871327436366,0.51133362120392,-0.757108286244904,1.15770070983395,TRUE,FALSE,250
"beta_int_8",0.0633484855823143,0.102759426054333,0.539884306721254,-0.826016511231586,1.1845656064616,TRUE,FALSE,250
"beta_int_9",0.0601187368301916,0.0973481878630752,0.513637569219444,-0.765311022028337,1.13135040341983,TRUE,FALSE,250
NA,0.0720136898503455,0.0997381069965192,0.541576525050813,-0.810158267454598,1.19382769387331,TRUE,FALSE,250
"beta_int_1",0.0798659525934449,0.0762591872915891,0.490801503372144,-0.676718672376793,1.15056251431908,TRUE,FALSE,500
"beta_int_10",0.0773679697858268,0.0730970323862268,0.479235769289298,-0.613966625503456,1.11817966030189,TRUE,FALSE,500
"beta_int_11",0.0815863857735301,0.0830008902694174,0.457546471382831,-0.561997691817809,1.07938490053288,TRUE,FALSE,500
"beta_int_12",0.076263786509137,0.0918072884115592,0.486494362158594,-0.633434604315692,1.14377634585957,TRUE,FALSE,500
"beta_int_13",0.0718022061686625,0.0848356916969594,0.464157459451031,-0.616029383332271,1.06530475494821,TRUE,FALSE,500
"beta_int_14",0.0786482421658839,0.083593951362038,0.491058983708096,-0.64706161811014,1.15918824275722,TRUE,FALSE,500
"beta_int_15",0.0898010128489737,0.0676468797008227,0.464362033482146,-0.586242956824525,1.12284100647884,TRUE,FALSE,500
"beta_int_16",0.0789115945368358,0.0726798164453131,0.468753376612738,-0.639826112914995,1.05210764066022,TRUE,FALSE,500
"beta_int_17",0.0784220493347169,0.0791158585191577,0.468590087869003,-0.649213880856228,1.09431949936431,TRUE,FALSE,500
"beta_int_18",0.0808545718683151,0.0802353934607866,0.461649264740645,-0.628493772425315,1.07965503944806,TRUE,FALSE,500
"beta_int_19",0.0709181923882243,0.0694702817566902,0.482154110210887,-0.704136378667439,1.0797659792946,TRUE,FALSE,500
"beta_int_2",0.0790660255410467,0.0784152555703412,0.49461173822308,-0.696161016620118,1.13247936912676,TRUE,FALSE,500
"beta_int_20",0.0776948153969652,0.0727864185308775,0.469578362422463,-0.619354142314385,1.08133168104105,TRUE,FALSE,500
"beta_int_21",0.0710005524928197,0.0952694191985358,0.489980518836735,-0.684752061196517,1.1124480710103,TRUE,FALSE,500
"beta_int_22",0.0766678210738564,0.0868037337184992,0.485231428601019,-0.643668310080449,1.14201053829941,TRUE,FALSE,500
"beta_int_23",0.0696879549069977,0.0870658123818852,0.497364289982487,-0.667455376322891,1.12678658519929,TRUE,FALSE,500
"beta_int_24",0.0841040188849429,0.0778827805715846,0.478379530415646,-0.641291172324858,1.13200438482944,TRUE,FALSE,500
"beta_int_25",0.0960653950614448,0.0731258146028897,0.494457405275557,-0.608793166088056,1.1880214859751,TRUE,FALSE,500
"beta_int_26",0.0792407861390872,0.0925149137176398,0.485124408067251,-0.642405405380492,1.13120558875276,TRUE,FALSE,500
"beta_int_27",0.0763506613266302,0.0809942016715587,0.478012997009379,-0.655053885046139,1.11472060897143,TRUE,FALSE,500
"beta_int_28",0.083199882436064,0.0757955728631637,0.496457969864897,-0.676072708581147,1.16470169994527,TRUE,FALSE,500
"beta_int_3",0.0605833342879269,0.0953741494801977,0.518703648999019,-0.805264158222455,1.12498080629273,TRUE,FALSE,500
"beta_int_4",0.071264207044782,0.086458265866576,0.489827120290134,-0.685163964959622,1.1169511649651,TRUE,FALSE,500
"beta_int_5",0.0634220012484773,0.0857399275581853,0.517875949260406,-0.769228384676283,1.10791982008539,TRUE,FALSE,500
"beta_int_6",0.078006584465591,0.0991171410481764,0.538546755172232,-0.67648616397916,1.21667689351631,TRUE,FALSE,500
"beta_int_7",0.0652062226536672,0.0876344068790911,0.497550401652943,-0.726823275640689,1.1058228381958,TRUE,FALSE,500
"beta_int_8",0.0943310566026307,0.0864808402467684,0.492490207995081,-0.616152908475599,1.20509920382014,TRUE,FALSE,500
"beta_int_9",0.0863650275473165,0.0840626877471049,0.489561664995248,-0.619127427586898,1.15876959942114,TRUE,FALSE,500
NA,0.0762132110083523,0.0877272085053146,0.508805578877999,-0.694812552158213,1.16646028311259,TRUE,FALSE,500
"beta_int_1",0.00940626359197994,0.0383656530491245,0.186622403454073,-0.339020835510945,0.363519186539876,FALSE,TRUE,250
"beta_int_10",0.00666262180795641,0.0325306387634309,0.182134821156267,-0.340004134694298,0.345707753428749,FALSE,TRUE,250
"beta_int_11",0.00605673791860098,0.0326296720692706,0.178998451816483,-0.321150096200184,0.338693689903425,FALSE,TRUE,250
"beta_int_12",-0.000387649026995711,0.033501708122597,0.178522325867781,-0.329570662794271,0.342823896215917,FALSE,TRUE,250
"beta_int_13",0.00912447683294739,0.0443748918944001,0.198430481525216,-0.319937468670236,0.390422565240818,FALSE,TRUE,250
"beta_int_14",0.00279314091456274,0.0348701781929456,0.19127230555565,-0.349061338242585,0.352395110784985,FALSE,TRUE,250
"beta_int_15",0.00194378702444371,0.0367886646304022,0.195464114182024,-0.372018735884452,0.362911882940558,FALSE,TRUE,250
"beta_int_16",0.00831493669243844,0.0432250920452747,0.18330223508093,-0.337074076608541,0.349376371396424,FALSE,TRUE,250
"beta_int_17",0.00538353928773596,0.0404302785294296,0.179171035102249,-0.329522387940259,0.335721430733381,FALSE,TRUE,250
"beta_int_18",0.00639074029498365,0.0376520407593859,0.185631558549139,-0.343049911626855,0.324298739207094,FALSE,TRUE,250
"beta_int_19",0.00258921845840896,0.0471208002464724,0.19749635660146,-0.3699491155096,0.349546301886185,FALSE,TRUE,250
"beta_int_2",0.0154091470573397,0.0422567809012997,0.189887669572923,-0.317730787895336,0.381264267418003,FALSE,TRUE,250
"beta_int_20",0.0176109762884655,0.0434336198167973,0.202988758752933,-0.348186633111605,0.410774654879968,FALSE,TRUE,250
"beta_int_21",0.0154777650622865,0.0495648714067075,0.20315710731968,-0.345952673708992,0.411349007615084,FALSE,TRUE,250
"beta_int_22",0.0011813561270744,0.046520549895223,0.206030221123556,-0.398902079422813,0.370974132406258,FALSE,TRUE,250
"beta_int_23",0.00206734310220301,0.0397475919540891,0.195062639090416,-0.361216459411699,0.346201006610647,FALSE,TRUE,250
"beta_int_24",0.00580092254468078,0.0390722206877566,0.198122562715576,-0.377649758961705,0.354366577121744,FALSE,TRUE,250
"beta_int_25",0.00433314471021282,0.0437964005532107,0.20481806896882,-0.382425035493458,0.357017464201633,FALSE,TRUE,250
"beta_int_26",0.0104764083866119,0.0416177532567251,0.206014807584751,-0.358433822176447,0.393969121229981,FALSE,TRUE,250
"beta_int_27",0.00124337941487191,0.0462056900666614,0.20146594268271,-0.38262788086097,0.356079651211092,FALSE,TRUE,250
"beta_int_28",0.00435752527981595,0.0327071894464456,0.18917669562626,-0.351147478358529,0.351648921085664,FALSE,TRUE,250
"beta_int_3",0.00896857235548756,0.0376159832867714,0.188082852507504,-0.341298567197122,0.360668692760861,FALSE,TRUE,250
"beta_int_4",0.00334585317784561,0.0434366305992947,0.2015919198043,-0.37650309310673,0.380462988384968,FALSE,TRUE,250
"beta_int_5",0.00800449166104394,0.0476540407692321,0.195612677872302,-0.346560177465731,0.374592399201038,FALSE,TRUE,250
"beta_int_6",0.0067673361999929,0.0402122525249361,0.182057517977618,-0.337070114222544,0.346855672029533,FALSE,TRUE,250
"beta_int_7",0.0105401812949461,0.0358991733470312,0.191881967254652,-0.325717307443535,0.378216533475864,FALSE,TRUE,250
"beta_int_8",0.00218552779875983,0.0419280822601421,0.189147659410777,-0.340690345592343,0.358505782426112,FALSE,TRUE,250
"beta_int_9",0.00403460107295759,0.0458185435260942,0.194359565773162,-0.357675778057454,0.353243404904333,FALSE,TRUE,250
NA,0.00807947766819192,0.0442565636016796,0.195520330098809,-0.348226430403358,0.373652768732817,FALSE,TRUE,250
"beta_int_1",0.0103389835921611,0.0428981296772437,0.142514608697973,-0.252055157135634,0.270673419159489,FALSE,TRUE,500
"beta_int_10",0.00866302683212849,0.0401734534707628,0.144909496348094,-0.246154671394951,0.28426412277369,FALSE,TRUE,500
"beta_int_11",0.0104110431446473,0.0370702849067787,0.148832921950155,-0.245961627769554,0.313385135782978,FALSE,TRUE,500
"beta_int_12",0.0143489231606288,0.0376247342290254,0.137464096486741,-0.219064789174296,0.289615394068905,FALSE,TRUE,500
"beta_int_13",0.00872780391497085,0.0362064861711302,0.142047196256814,-0.24901339399031,0.28498891433896,FALSE,TRUE,500
"beta_int_14",0.0190477362786567,0.0418537235043435,0.157876070329692,-0.235000576066957,0.343345303319286,FALSE,TRUE,500
"beta_int_15",0.00808549188544573,0.0401639549960516,0.139466311648435,-0.233791809172482,0.283694338191406,FALSE,TRUE,500
"beta_int_16",0.0124969518979501,0.0384983668420347,0.137967584022713,-0.226102778838322,0.280658068937836,FALSE,TRUE,500
"beta_int_17",0.00497316352563309,0.0314778256169999,0.137268228069791,-0.240497114869415,0.274950107741667,FALSE,TRUE,500
"beta_int_18",0.00748920815734425,0.0351254217516716,0.149612688312964,-0.263355744829508,0.297917395400123,FALSE,TRUE,500
"beta_int_19",0.00623413595995372,0.034208345735288,0.14708617240268,-0.263058822669391,0.289397168246116,FALSE,TRUE,500
"beta_int_2",0.0129112803181967,0.0377123251561262,0.141274498243762,-0.245305278348211,0.283334303028345,FALSE,TRUE,500
"beta_int_20",0.00666010948775484,0.0365351860096666,0.146381156149161,-0.267979714846105,0.283729229760797,FALSE,TRUE,500
"beta_int_21",0.00416657191828728,0.0401638336437169,0.14434883880417,-0.263292612706632,0.261072561210373,FALSE,TRUE,500
"beta_int_22",0.00167396389190855,0.0435450517157574,0.142463064222774,-0.266090988441554,0.252376392296059,FALSE,TRUE,500
"beta_int_23",0.0120718771908404,0.0403943547771374,0.147740411908665,-0.245819987407469,0.297306148365045,FALSE,TRUE,500
"beta_int_24",0.003394867369523,0.055326732173728,0.157337613981721,-0.306532317056065,0.278656575247909,FALSE,TRUE,500
"beta_int_25",0.0025153600572916,0.0389393701831234,0.154567761752792,-0.291983562733468,0.287799579760991,FALSE,TRUE,500
"beta_int_26",0.00985819366742715,0.0393223380510434,0.176620793276874,-0.294854605284826,0.331850902305108,FALSE,TRUE,500
"beta_int_27",0.00556935206898065,0.0448082294877287,0.169609118348526,-0.289149652066312,0.317242390648952,FALSE,TRUE,500
"beta_int_28",0.00403909543913204,0.0518049352773231,0.146651729272547,-0.266347060355904,0.275436674361384,FALSE,TRUE,500
"beta_int_3",0.0049771253582171,0.0333870538898958,0.148715330034694,-0.275979292924658,0.273204865009129,FALSE,TRUE,500
"beta_int_4",0.0058154444204515,0.0295472781093275,0.142708611606239,-0.266509484375749,0.274124671392733,FALSE,TRUE,500
"beta_int_5",0.00600520104420443,0.0270512596582704,0.139565536572925,-0.252798105101809,0.264831086246186,FALSE,TRUE,500
"beta_int_6",0.00944222056543475,0.0442740564505968,0.141478175554714,-0.250639523316229,0.270961893910194,FALSE,TRUE,500
"beta_int_7",0.00793223143620964,0.035065996520233,0.147911384975187,-0.26816383518997,0.264110261575348,FALSE,TRUE,500
"beta_int_8",0.0154106088423302,0.0356150704018217,0.131757640233482,-0.2218821849944,0.261885724668722,FALSE,TRUE,500
"beta_int_9",0.0144543296204783,0.0381948024468464,0.144343362163878,-0.231717468564571,0.295794101337459,FALSE,TRUE,500
NA,0.00612795083047354,0.0340778365734695,0.145081058194967,-0.256799419916632,0.278088553073426,FALSE,TRUE,500
"beta_int_1",0.00773665650672718,0.0442715026547584,0.21770480049462,-0.398603421969533,0.40782071878842,FALSE,FALSE,250
"beta_int_10",0.011304556632962,0.0523158599114632,0.238040535510519,-0.426046095778683,0.463436207059861,FALSE,FALSE,250
"beta_int_11",0.00928178938556846,0.0548926690156333,0.206032383130764,-0.364165616289822,0.412307732724553,FALSE,FALSE,250
"beta_int_12",0.0206020372888552,0.0368877831903884,0.21258621736189,-0.348163474590987,0.446032858660372,FALSE,FALSE,250
"beta_int_13",0.0124939024467996,0.0450518678053334,0.21382727759066,-0.382902736797231,0.426586278723668,FALSE,FALSE,250
"beta_int_14",0.0164038423856416,0.0460045201303823,0.213511480537081,-0.368447017051397,0.429931626347001,FALSE,FALSE,250
"beta_int_15",0.0167255862881362,0.05789757027547,0.250252791887317,-0.410124618331775,0.50100410027235,FALSE,FALSE,250
"beta_int_16",0.011874124998395,0.0375269840905087,0.209237842499359,-0.364885292145683,0.418311297072411,FALSE,FALSE,250
"beta_int_17",0.0111249472946293,0.0451719464603241,0.222613466394215,-0.389742745938581,0.441873515203666,FALSE,FALSE,250
"beta_int_18",0.014738532337042,0.0357272474954494,0.217612738762731,-0.377349725829632,0.43086496650202,FALSE,FALSE,250
"beta_int_19",0.0190774051786123,0.0441884368119582,0.227022656499433,-0.36983777138625,0.486815775489466,FALSE,FALSE,250
"beta_int_2",0.00614415181929344,0.061814197646771,0.249024760189579,-0.472053851499986,0.422230457638581,FALSE,FALSE,250
"beta_int_20",0.00661215311882122,0.041160604108688,0.223414588372366,-0.404624317727817,0.432722014470079,FALSE,FALSE,250
"beta_int_21",0.0107051256418539,0.0363608789234813,0.215454641721333,-0.387805987726008,0.423804002958624,FALSE,FALSE,250
"beta_int_22",0.00467265675072654,0.0403387498794033,0.212236082706556,-0.368872249286052,0.411838206392449,FALSE,FALSE,250
"beta_int_23",0.0209434857709596,0.0488969599886457,0.220928819259329,-0.361442074357901,0.457169040984215,FALSE,FALSE,250
"beta_int_24",0.00949843153586492,0.0418137081535211,0.210574982589005,-0.368785022458048,0.415617145365183,FALSE,FALSE,250
"beta_int_25",0.00740736490227256,0.0371228548991092,0.216455757135843,-0.37954915752809,0.429690023571155,FALSE,FALSE,250
"beta_int_26",0.0111838245866798,0.0528468725427469,0.227934934711293,-0.392985185642092,0.455321799673044,FALSE,FALSE,250
"beta_int_27",0.00995182423859515,0.0448014042639855,0.210204897792475,-0.357567858182084,0.411668225220164,FALSE,FALSE,250
"beta_int_28",0.00795157525481719,0.0478903395421975,0.208232912270987,-0.365680800682049,0.404389696135776,FALSE,FALSE,250
"beta_int_3",0.00662766311133752,0.0413658768844885,0.229249941243657,-0.413337121641097,0.439789764608446,FALSE,FALSE,250
"beta_int_4",0.0083433198439065,0.0430588937858818,0.222885155495337,-0.411790502940651,0.423692398772248,FALSE,FALSE,250
"beta_int_5",0.00882033865465142,0.0359932693714608,0.216630370572864,-0.401818400642596,0.418232605201546,FALSE,FALSE,250
"beta_int_6",0.0106987945905322,0.0365678428162912,0.233569010535641,-0.403834114898847,0.475501162984641,FALSE,FALSE,250
"beta_int_7",0.0133045793586446,0.0336690974408667,0.230243957393376,-0.393814182160218,0.462135128371005,FALSE,FALSE,250
"beta_int_8",-0.00209042718901441,0.0490371927468504,0.221625764033275,-0.424776278508346,0.398132775935961,FALSE,FALSE,250
"beta_int_9",0.00408062589777522,0.0414641327897161,0.22818699097614,-0.422203186830516,0.437214864067604,FALSE,FALSE,250
NA,0.010100067846133,0.0433008231458228,0.193806379288358,-0.345062158022718,0.372275481921884,FALSE,FALSE,250
"beta_int_1",0.0119673830187327,0.0523165966548747,0.187817545063856,-0.317720877041026,0.380553232594557,FALSE,FALSE,500
"beta_int_10",0.00138224224574765,0.0423468537150126,0.173017963831337,-0.31428272624489,0.322643359124794,FALSE,FALSE,500
"beta_int_11",-0.000809881727499097,0.0337507515196978,0.166457819054392,-0.314692641147239,0.310601510745902,FALSE,FALSE,500
"beta_int_12",0.00450779805236155,0.0416424801210699,0.190050315542674,-0.341994591272771,0.377302157468231,FALSE,FALSE,500
"beta_int_13",0.000812851632564023,0.0385408586568987,0.193829325648915,-0.3745647378244,0.350960600813668,FALSE,FALSE,500
"beta_int_14",0.00793559935143711,0.0335187752837885,0.164083604490623,-0.306063151354235,0.307743076386399,FALSE,FALSE,500
"beta_int_15",0.00180327526197209,0.0321513511264711,0.181206851194607,-0.338662566423046,0.339536851940969,FALSE,FALSE,500
"beta_int_16",-0.00109849881671675,0.0367964047476475,0.178822219031961,-0.345102077319988,0.321903737119611,FALSE,FALSE,500
"beta_int_17",0.00396932560436792,0.0428609318341822,0.187318902925535,-0.342424105058682,0.356230203524014,FALSE,FALSE,500
"beta_int_18",0.00923459069460342,0.0411741578477698,0.177526437336673,-0.294171925513013,0.356989681451017,FALSE,FALSE,500
"beta_int_19",0.0124233209154424,0.0405634109542559,0.178146277756643,-0.314263161259433,0.348839094505932,FALSE,FALSE,500
"beta_int_2",0.00546949645008052,0.0341256927722739,0.186634966459351,-0.33329912819131,0.344102891976045,FALSE,FALSE,500
"beta_int_20",0.018744902311182,0.0434596554666299,0.179806933530084,-0.289432752973678,0.381549157801452,FALSE,FALSE,500
"beta_int_21",0.0149351355994695,0.039785345932393,0.184871995191958,-0.31975616763149,0.368023926342696,FALSE,FALSE,500
"beta_int_22",0.0189795145801645,0.0405898109129267,0.171599795003802,-0.28473425258742,0.349590524146335,FALSE,FALSE,500
"beta_int_23",0.0110389287659958,0.0357062410997202,0.168696279516199,-0.297206969342582,0.333904567076375,FALSE,FALSE,500
"beta_int_24",0.0158998833353029,0.0387795110115728,0.167020986865459,-0.290059699638819,0.336455151212223,FALSE,FALSE,500
"beta_int_25",0.0110501126192711,0.0368237922707394,0.161724023510521,-0.288810491820002,0.324677796040123,FALSE,FALSE,500
"beta_int_26",0.0159596257378623,0.0391992280245104,0.167088162316533,-0.285076429019017,0.320150110298297,FALSE,FALSE,500
"beta_int_27",0.0124788457160482,0.03359591991382,0.162787759270186,-0.284893030182008,0.316181683289535,FALSE,FALSE,500
"beta_int_28",0.0170101267504548,0.0397478628490277,0.165097704502269,-0.273284160000056,0.328833687060431,FALSE,FALSE,500
"beta_int_3",0.0110417176709404,0.0393778650815367,0.180194238744556,-0.307222679096295,0.373870421137008,FALSE,FALSE,500
"beta_int_4",0.0153713275536545,0.0544280192703659,0.194597504642084,-0.319877997863676,0.401854939053258,FALSE,FALSE,500
"beta_int_5",0.00846795516802912,0.0427368439373674,0.189442068394899,-0.324292821857933,0.365607193042469,FALSE,FALSE,500
"beta_int_6",0.0082226234609286,0.0761374820630982,0.202878335555678,-0.346456889750287,0.389266339666804,FALSE,FALSE,500
"beta_int_7",-0.00473807810663947,0.0526793707206544,0.214041122808907,-0.435752262579469,0.312011897456641,FALSE,FALSE,500
"beta_int_8",0.00766015825339891,0.0393351544322811,0.184477475736374,-0.34027617748861,0.355384923550119,FALSE,FALSE,500
"beta_int_9",0.00331596323990051,0.0387290650613546,0.180395515499976,-0.321025997335523,0.328025413560512,FALSE,FALSE,500
NA,0.00864318532077023,0.0359376914154189,0.158624818626166,-0.280850020131085,0.306300455147719,FALSE,FALSE,500
